model,pooling,out_vec_size,best_layers,epochs,nhid,qtd_layers,MR,CR,SUBJ,MPQA,SST2,TREC,MRPC
allmpnet,CLS_LYR-1,"torch.Size([61, 768])",NORMAL,4,0,12,"{'devacc': np.float64(62.96), 'acc': np.float64(62.45), 'ndev': 10662, 'ntest': 10662}","{'devacc': np.float64(63.76), 'acc': np.float64(63.76), 'ndev': 3775, 'ntest': 3775}","{'devacc': np.float64(84.88), 'acc': np.float64(84.39), 'ndev': 10000, 'ntest': 10000}","{'devacc': np.float64(68.77), 'acc': np.float64(68.77), 'ndev': 10606, 'ntest': 10606}","{'devacc': np.float64(70.87), 'acc': 68.15, 'ndev': 872, 'ntest': 1821}","{'devacc': np.float64(45.78), 'acc': 43.4, 'ndev': 5452, 'ntest': 500}","{'devacc': np.float64(67.57), 'acc': 66.49, 'f1': 79.87, 'ndev': 4076, 'ntest': 1725}"
allmpnet,AVG_LYR-1,"torch.Size([61, 768])",NORMAL,4,0,12,"{'devacc': np.float64(78.1), 'acc': np.float64(77.43), 'ndev': 10662, 'ntest': 10662}","{'devacc': np.float64(82.41), 'acc': np.float64(81.56), 'ndev': 3775, 'ntest': 3775}","{'devacc': np.float64(93.42), 'acc': np.float64(93.33), 'ndev': 10000, 'ntest': 10000}","{'devacc': np.float64(90.07), 'acc': np.float64(89.48), 'ndev': 10606, 'ntest': 10606}","{'devacc': np.float64(82.8), 'acc': 83.31, 'ndev': 872, 'ntest': 1821}","{'devacc': np.float64(84.02), 'acc': 90.2, 'ndev': 5452, 'ntest': 500}","{'devacc': np.float64(74.19), 'acc': 73.45, 'f1': 81.47, 'ndev': 4076, 'ntest': 1725}"
allmpnet,SUM_LYR-1,"torch.Size([61, 768])",NORMAL,4,0,12,"{'devacc': np.float64(77.38), 'acc': np.float64(76.76), 'ndev': 10662, 'ntest': 10662}","{'devacc': np.float64(81.73), 'acc': np.float64(81.09), 'ndev': 3775, 'ntest': 3775}","{'devacc': np.float64(93.24), 'acc': np.float64(92.97), 'ndev': 10000, 'ntest': 10000}","{'devacc': np.float64(89.64), 'acc': np.float64(89.25), 'ndev': 10606, 'ntest': 10606}","{'devacc': np.float64(82.91), 'acc': 82.48, 'ndev': 872, 'ntest': 1821}","{'devacc': np.float64(84.79), 'acc': 86.6, 'ndev': 5452, 'ntest': 500}","{'devacc': np.float64(72.45), 'acc': 68.41, 'f1': 75.72, 'ndev': 4076, 'ntest': 1725}"
allmpnet,MAX_LYR-1,"torch.Size([61, 768])",NORMAL,4,0,12,"{'devacc': np.float64(73.05), 'acc': np.float64(71.5), 'ndev': 10662, 'ntest': 10662}","{'devacc': np.float64(79.86), 'acc': np.float64(78.6), 'ndev': 3775, 'ntest': 3775}","{'devacc': np.float64(90.37), 'acc': np.float64(89.79), 'ndev': 10000, 'ntest': 10000}","{'devacc': np.float64(88.94), 'acc': np.float64(88.48), 'ndev': 10606, 'ntest': 10606}","{'devacc': np.float64(77.98), 'acc': 75.62, 'ndev': 872, 'ntest': 1821}","{'devacc': np.float64(81.03), 'acc': 86.8, 'ndev': 5452, 'ntest': 500}","{'devacc': np.float64(74.39), 'acc': 70.9, 'f1': 77.65, 'ndev': 4076, 'ntest': 1725}"
allmpnet,AVG-NS_LYR-1,"torch.Size([61, 768])",NORMAL,4,0,12,"{'devacc': np.float64(77.68), 'acc': np.float64(76.97), 'ndev': 10662, 'ntest': 10662}","{'devacc': np.float64(81.5), 'acc': np.float64(80.77), 'ndev': 3775, 'ntest': 3775}","{'devacc': np.float64(92.51), 'acc': np.float64(92.27), 'ndev': 10000, 'ntest': 10000}","{'devacc': np.float64(88.7), 'acc': np.float64(88.39), 'ndev': 10606, 'ntest': 10606}","{'devacc': np.float64(81.65), 'acc': 82.21, 'ndev': 872, 'ntest': 1821}","{'devacc': np.float64(76.65), 'acc': 82.0, 'ndev': 5452, 'ntest': 500}","{'devacc': np.float64(73.18), 'acc': 73.04, 'f1': 81.18, 'ndev': 4076, 'ntest': 1725}"
allmpnet,SUM-NS_LYR-1,"torch.Size([61, 768])",NORMAL,4,0,12,"{'devacc': np.float64(76.96), 'acc': np.float64(76.51), 'ndev': 10662, 'ntest': 10662}","{'devacc': np.float64(80.46), 'acc': np.float64(79.0), 'ndev': 3775, 'ntest': 3775}","{'devacc': np.float64(92.24), 'acc': np.float64(91.83), 'ndev': 10000, 'ntest': 10000}","{'devacc': np.float64(88.31), 'acc': np.float64(87.75), 'ndev': 10606, 'ntest': 10606}","{'devacc': np.float64(80.96), 'acc': 81.33, 'ndev': 872, 'ntest': 1821}","{'devacc': np.float64(76.23), 'acc': 79.8, 'ndev': 5452, 'ntest': 500}","{'devacc': np.float64(70.02), 'acc': 64.58, 'f1': 71.96, 'ndev': 4076, 'ntest': 1725}"
allmpnet,MAX-NS_LYR-1,"torch.Size([61, 768])",NORMAL,4,0,12,"{'devacc': np.float64(73.26), 'acc': np.float64(71.68), 'ndev': 10662, 'ntest': 10662}","{'devacc': np.float64(64.14), 'acc': np.float64(62.62), 'ndev': 3775, 'ntest': 3775}","{'devacc': np.float64(89.35), 'acc': np.float64(88.68), 'ndev': 10000, 'ntest': 10000}","{'devacc': np.float64(68.76), 'acc': np.float64(68.73), 'ndev': 10606, 'ntest': 10606}","{'devacc': np.float64(55.85), 'acc': 54.7, 'ndev': 872, 'ntest': 1821}","{'devacc': np.float64(73.07), 'acc': 80.0, 'ndev': 5452, 'ntest': 500}","{'devacc': np.float64(73.33), 'acc': 72.52, 'f1': 80.72, 'ndev': 4076, 'ntest': 1725}"
allmpnet,CLS_LYR-2,"torch.Size([61, 768])",NORMAL,4,0,12,"{'devacc': np.float64(65.33), 'acc': np.float64(64.87), 'ndev': 10662, 'ntest': 10662}","{'devacc': np.float64(63.76), 'acc': np.float64(63.76), 'ndev': 3775, 'ntest': 3775}","{'devacc': np.float64(85.85), 'acc': np.float64(85.53), 'ndev': 10000, 'ntest': 10000}","{'devacc': np.float64(71.03), 'acc': np.float64(70.81), 'ndev': 10606, 'ntest': 10606}","{'devacc': np.float64(70.41), 'acc': 69.03, 'ndev': 872, 'ntest': 1821}","{'devacc': np.float64(42.31), 'acc': 42.0, 'ndev': 5452, 'ntest': 500}","{'devacc': np.float64(68.62), 'acc': 66.49, 'f1': 79.87, 'ndev': 4076, 'ntest': 1725}"
allmpnet,AVG_LYR-2,"torch.Size([61, 768])",NORMAL,4,0,12,"{'devacc': np.float64(79.92), 'acc': np.float64(79.48), 'ndev': 10662, 'ntest': 10662}","{'devacc': np.float64(85.78), 'acc': np.float64(85.33), 'ndev': 3775, 'ntest': 3775}","{'devacc': np.float64(94.37), 'acc': np.float64(93.99), 'ndev': 10000, 'ntest': 10000}","{'devacc': np.float64(90.49), 'acc': np.float64(90.22), 'ndev': 10606, 'ntest': 10606}","{'devacc': np.float64(82.8), 'acc': 84.13, 'ndev': 872, 'ntest': 1821}","{'devacc': np.float64(86.1), 'acc': 90.6, 'ndev': 5452, 'ntest': 500}","{'devacc': np.float64(74.73), 'acc': 75.3, 'f1': 82.68, 'ndev': 4076, 'ntest': 1725}"
allmpnet,SUM_LYR-2,"torch.Size([61, 768])",NORMAL,4,0,12,"{'devacc': np.float64(79.39), 'acc': np.float64(78.61), 'ndev': 10662, 'ntest': 10662}","{'devacc': np.float64(85.05), 'acc': np.float64(83.84), 'ndev': 3775, 'ntest': 3775}","{'devacc': np.float64(94.08), 'acc': np.float64(93.73), 'ndev': 10000, 'ntest': 10000}","{'devacc': np.float64(90.06), 'acc': np.float64(89.52), 'ndev': 10606, 'ntest': 10606}","{'devacc': np.float64(82.0), 'acc': 83.96, 'ndev': 872, 'ntest': 1821}","{'devacc': np.float64(86.45), 'acc': 90.0, 'ndev': 5452, 'ntest': 500}","{'devacc': np.float64(73.21), 'acc': 71.48, 'f1': 79.47, 'ndev': 4076, 'ntest': 1725}"
allmpnet,MAX_LYR-2,"torch.Size([61, 768])",NORMAL,4,0,12,"{'devacc': np.float64(75.34), 'acc': np.float64(74.87), 'ndev': 10662, 'ntest': 10662}","{'devacc': np.float64(81.51), 'acc': np.float64(79.89), 'ndev': 3775, 'ntest': 3775}","{'devacc': np.float64(92.13), 'acc': np.float64(91.58), 'ndev': 10000, 'ntest': 10000}","{'devacc': np.float64(88.96), 'acc': np.float64(88.34), 'ndev': 10606, 'ntest': 10606}","{'devacc': np.float64(78.78), 'acc': 78.91, 'ndev': 872, 'ntest': 1821}","{'devacc': np.float64(84.23), 'acc': 90.4, 'ndev': 5452, 'ntest': 500}","{'devacc': np.float64(75.02), 'acc': 72.87, 'f1': 79.42, 'ndev': 4076, 'ntest': 1725}"
allmpnet,AVG-NS_LYR-2,"torch.Size([61, 768])",NORMAL,4,0,12,"{'devacc': np.float64(79.02), 'acc': np.float64(78.22), 'ndev': 10662, 'ntest': 10662}","{'devacc': np.float64(82.99), 'acc': np.float64(82.01), 'ndev': 3775, 'ntest': 3775}","{'devacc': np.float64(93.64), 'acc': np.float64(93.16), 'ndev': 10000, 'ntest': 10000}","{'devacc': np.float64(89.57), 'acc': np.float64(89.43), 'ndev': 10606, 'ntest': 10606}","{'devacc': np.float64(81.77), 'acc': 83.58, 'ndev': 872, 'ntest': 1821}","{'devacc': np.float64(80.78), 'acc': 85.0, 'ndev': 5452, 'ntest': 500}","{'devacc': np.float64(73.45), 'acc': 73.57, 'f1': 82.13, 'ndev': 4076, 'ntest': 1725}"
allmpnet,SUM-NS_LYR-2,"torch.Size([61, 768])",NORMAL,4,0,12,"{'devacc': np.float64(78.35), 'acc': np.float64(77.34), 'ndev': 10662, 'ntest': 10662}","{'devacc': np.float64(82.39), 'acc': np.float64(81.61), 'ndev': 3775, 'ntest': 3775}","{'devacc': np.float64(93.37), 'acc': np.float64(93.18), 'ndev': 10000, 'ntest': 10000}","{'devacc': np.float64(89.16), 'acc': np.float64(88.81), 'ndev': 10606, 'ntest': 10606}","{'devacc': np.float64(80.96), 'acc': 82.98, 'ndev': 872, 'ntest': 1821}","{'devacc': np.float64(80.83), 'acc': 85.4, 'ndev': 5452, 'ntest': 500}","{'devacc': np.float64(71.08), 'acc': 67.54, 'f1': 75.61, 'ndev': 4076, 'ntest': 1725}"
allmpnet,MAX-NS_LYR-2,"torch.Size([61, 768])",NORMAL,4,0,12,"{'devacc': np.float64(75.14), 'acc': np.float64(74.61), 'ndev': 10662, 'ntest': 10662}","{'devacc': np.float64(64.75), 'acc': np.float64(62.54), 'ndev': 3775, 'ntest': 3775}","{'devacc': np.float64(91.62), 'acc': np.float64(90.67), 'ndev': 10000, 'ntest': 10000}","{'devacc': np.float64(68.78), 'acc': np.float64(68.62), 'ndev': 10606, 'ntest': 10606}","{'devacc': np.float64(56.19), 'acc': 53.32, 'ndev': 872, 'ntest': 1821}","{'devacc': np.float64(76.93), 'acc': 84.4, 'ndev': 5452, 'ntest': 500}","{'devacc': np.float64(74.51), 'acc': 74.26, 'f1': 82.37, 'ndev': 4076, 'ntest': 1725}"
allmpnet,CLS_LYR-3,"torch.Size([61, 768])",NORMAL,4,0,12,"{'devacc': np.float64(74.29), 'acc': np.float64(73.13), 'ndev': 10662, 'ntest': 10662}","{'devacc': np.float64(75.56), 'acc': np.float64(75.47), 'ndev': 3775, 'ntest': 3775}","{'devacc': np.float64(90.42), 'acc': np.float64(89.43), 'ndev': 10000, 'ntest': 10000}","{'devacc': np.float64(83.76), 'acc': np.float64(83.38), 'ndev': 10606, 'ntest': 10606}","{'devacc': np.float64(80.39), 'acc': 79.35, 'ndev': 872, 'ntest': 1821}","{'devacc': np.float64(72.14), 'acc': 76.2, 'ndev': 5452, 'ntest': 500}","{'devacc': np.float64(71.74), 'acc': 71.48, 'f1': 81.06, 'ndev': 4076, 'ntest': 1725}"
allmpnet,AVG_LYR-3,"torch.Size([61, 768])",NORMAL,4,0,12,"{'devacc': np.float64(81.12), 'acc': np.float64(80.83), 'ndev': 10662, 'ntest': 10662}","{'devacc': np.float64(86.48), 'acc': np.float64(85.54), 'ndev': 3775, 'ntest': 3775}","{'devacc': np.float64(95.12), 'acc': np.float64(94.65), 'ndev': 10000, 'ntest': 10000}","{'devacc': np.float64(90.45), 'acc': np.float64(90.07), 'ndev': 10606, 'ntest': 10606}","{'devacc': np.float64(83.94), 'acc': 85.5, 'ndev': 872, 'ntest': 1821}","{'devacc': np.float64(87.12), 'acc': 91.8, 'ndev': 5452, 'ntest': 500}","{'devacc': np.float64(76.05), 'acc': 74.55, 'f1': 82.42, 'ndev': 4076, 'ntest': 1725}"
allmpnet,SUM_LYR-3,"torch.Size([61, 768])",NORMAL,4,0,12,"{'devacc': np.float64(80.32), 'acc': np.float64(79.12), 'ndev': 10662, 'ntest': 10662}","{'devacc': np.float64(85.8), 'acc': np.float64(84.0), 'ndev': 3775, 'ntest': 3775}","{'devacc': np.float64(94.84), 'acc': np.float64(94.28), 'ndev': 10000, 'ntest': 10000}","{'devacc': np.float64(89.87), 'acc': np.float64(89.6), 'ndev': 10606, 'ntest': 10606}","{'devacc': np.float64(84.06), 'acc': 84.18, 'ndev': 872, 'ntest': 1821}","{'devacc': np.float64(87.58), 'acc': 91.2, 'ndev': 5452, 'ntest': 500}","{'devacc': np.float64(72.52), 'acc': 69.97, 'f1': 78.65, 'ndev': 4076, 'ntest': 1725}"
allmpnet,MAX_LYR-3,"torch.Size([61, 768])",NORMAL,4,0,12,"{'devacc': np.float64(77.89), 'acc': np.float64(77.1), 'ndev': 10662, 'ntest': 10662}","{'devacc': np.float64(82.31), 'acc': np.float64(81.88), 'ndev': 3775, 'ntest': 3775}","{'devacc': np.float64(93.01), 'acc': np.float64(92.77), 'ndev': 10000, 'ntest': 10000}","{'devacc': np.float64(89.41), 'acc': np.float64(88.8), 'ndev': 10606, 'ntest': 10606}","{'devacc': np.float64(80.5), 'acc': 82.15, 'ndev': 872, 'ntest': 1821}","{'devacc': np.float64(85.55), 'acc': 91.6, 'ndev': 5452, 'ntest': 500}","{'devacc': np.float64(75.0), 'acc': 72.17, 'f1': 78.63, 'ndev': 4076, 'ntest': 1725}"
allmpnet,AVG-NS_LYR-3,"torch.Size([61, 768])",NORMAL,4,0,12,"{'devacc': np.float64(80.17), 'acc': np.float64(79.25), 'ndev': 10662, 'ntest': 10662}","{'devacc': np.float64(84.58), 'acc': np.float64(83.39), 'ndev': 3775, 'ntest': 3775}","{'devacc': np.float64(94.6), 'acc': np.float64(94.1), 'ndev': 10000, 'ntest': 10000}","{'devacc': np.float64(89.95), 'acc': np.float64(89.42), 'ndev': 10606, 'ntest': 10606}","{'devacc': np.float64(82.57), 'acc': 84.73, 'ndev': 872, 'ntest': 1821}","{'devacc': np.float64(82.87), 'acc': 88.4, 'ndev': 5452, 'ntest': 500}","{'devacc': np.float64(74.26), 'acc': 71.77, 'f1': 81.33, 'ndev': 4076, 'ntest': 1725}"
allmpnet,SUM-NS_LYR-3,"torch.Size([61, 768])",NORMAL,4,0,12,"{'devacc': np.float64(79.22), 'acc': np.float64(78.57), 'ndev': 10662, 'ntest': 10662}","{'devacc': np.float64(84.08), 'acc': np.float64(82.81), 'ndev': 3775, 'ntest': 3775}","{'devacc': np.float64(94.5), 'acc': np.float64(93.85), 'ndev': 10000, 'ntest': 10000}","{'devacc': np.float64(89.36), 'acc': np.float64(88.92), 'ndev': 10606, 'ntest': 10606}","{'devacc': np.float64(82.11), 'acc': 84.07, 'ndev': 872, 'ntest': 1821}","{'devacc': np.float64(83.0), 'acc': 87.2, 'ndev': 5452, 'ntest': 500}","{'devacc': np.float64(71.3), 'acc': 67.54, 'f1': 76.05, 'ndev': 4076, 'ntest': 1725}"
allmpnet,MAX-NS_LYR-3,"torch.Size([61, 768])",NORMAL,4,0,12,"{'devacc': np.float64(77.2), 'acc': np.float64(76.32), 'ndev': 10662, 'ntest': 10662}","{'devacc': np.float64(65.28), 'acc': np.float64(63.18), 'ndev': 3775, 'ntest': 3775}","{'devacc': np.float64(92.48), 'acc': np.float64(92.25), 'ndev': 10000, 'ntest': 10000}","{'devacc': np.float64(68.76), 'acc': np.float64(68.7), 'ndev': 10606, 'ntest': 10606}","{'devacc': np.float64(60.21), 'acc': 60.52, 'ndev': 872, 'ntest': 1821}","{'devacc': np.float64(80.15), 'acc': 87.0, 'ndev': 5452, 'ntest': 500}","{'devacc': np.float64(74.51), 'acc': 73.57, 'f1': 81.4, 'ndev': 4076, 'ntest': 1725}"
allmpnet,CLS_LYR-4,"torch.Size([61, 768])",NORMAL,4,0,12,"{'devacc': np.float64(76.42), 'acc': np.float64(75.44), 'ndev': 10662, 'ntest': 10662}","{'devacc': np.float64(77.57), 'acc': np.float64(76.9), 'ndev': 3775, 'ntest': 3775}","{'devacc': np.float64(92.31), 'acc': np.float64(91.84), 'ndev': 10000, 'ntest': 10000}","{'devacc': np.float64(86.9), 'acc': np.float64(86.78), 'ndev': 10606, 'ntest': 10606}","{'devacc': np.float64(81.65), 'acc': 81.66, 'ndev': 872, 'ntest': 1821}","{'devacc': np.float64(79.55), 'acc': 83.6, 'ndev': 5452, 'ntest': 500}","{'devacc': np.float64(71.07), 'acc': 68.17, 'f1': 79.58, 'ndev': 4076, 'ntest': 1725}"
allmpnet,AVG_LYR-4,"torch.Size([61, 768])",NORMAL,4,0,12,"{'devacc': np.float64(82.2), 'acc': np.float64(81.41), 'ndev': 10662, 'ntest': 10662}","{'devacc': np.float64(87.92), 'acc': np.float64(87.23), 'ndev': 3775, 'ntest': 3775}","{'devacc': np.float64(95.55), 'acc': np.float64(95.35), 'ndev': 10000, 'ntest': 10000}","{'devacc': np.float64(90.74), 'acc': np.float64(90.4), 'ndev': 10606, 'ntest': 10606}","{'devacc': np.float64(85.89), 'acc': 85.78, 'ndev': 872, 'ntest': 1821}","{'devacc': np.float64(88.77), 'acc': 92.8, 'ndev': 5452, 'ntest': 500}","{'devacc': np.float64(76.18), 'acc': 75.07, 'f1': 82.7, 'ndev': 4076, 'ntest': 1725}"
allmpnet,SUM_LYR-4,"torch.Size([61, 768])",NORMAL,4,0,12,"{'devacc': np.float64(81.15), 'acc': np.float64(80.4), 'ndev': 10662, 'ntest': 10662}","{'devacc': np.float64(86.91), 'acc': np.float64(86.17), 'ndev': 3775, 'ntest': 3775}","{'devacc': np.float64(95.35), 'acc': np.float64(94.6), 'ndev': 10000, 'ntest': 10000}","{'devacc': np.float64(89.96), 'acc': np.float64(89.35), 'ndev': 10606, 'ntest': 10606}","{'devacc': np.float64(85.55), 'acc': 85.39, 'ndev': 872, 'ntest': 1821}","{'devacc': np.float64(89.25), 'acc': 94.0, 'ndev': 5452, 'ntest': 500}","{'devacc': np.float64(74.07), 'acc': 70.03, 'f1': 77.13, 'ndev': 4076, 'ntest': 1725}"
allmpnet,MAX_LYR-4,"torch.Size([61, 768])",NORMAL,4,0,12,"{'devacc': np.float64(79.43), 'acc': np.float64(78.68), 'ndev': 10662, 'ntest': 10662}","{'devacc': np.float64(84.9), 'acc': np.float64(84.45), 'ndev': 3775, 'ntest': 3775}","{'devacc': np.float64(93.81), 'acc': np.float64(93.4), 'ndev': 10000, 'ntest': 10000}","{'devacc': np.float64(89.87), 'acc': np.float64(89.38), 'ndev': 10606, 'ntest': 10606}","{'devacc': np.float64(83.94), 'acc': 82.92, 'ndev': 872, 'ntest': 1821}","{'devacc': np.float64(87.03), 'acc': 91.0, 'ndev': 5452, 'ntest': 500}","{'devacc': np.float64(75.83), 'acc': 73.51, 'f1': 80.36, 'ndev': 4076, 'ntest': 1725}"
allmpnet,AVG-NS_LYR-4,"torch.Size([61, 768])",NORMAL,4,0,12,"{'devacc': np.float64(81.19), 'acc': np.float64(80.79), 'ndev': 10662, 'ntest': 10662}","{'devacc': np.float64(86.44), 'acc': np.float64(85.62), 'ndev': 3775, 'ntest': 3775}","{'devacc': np.float64(95.09), 'acc': np.float64(94.74), 'ndev': 10000, 'ntest': 10000}","{'devacc': np.float64(90.07), 'acc': np.float64(89.61), 'ndev': 10606, 'ntest': 10606}","{'devacc': np.float64(83.83), 'acc': 85.5, 'ndev': 872, 'ntest': 1821}","{'devacc': np.float64(84.96), 'acc': 88.4, 'ndev': 5452, 'ntest': 500}","{'devacc': np.float64(74.68), 'acc': 72.75, 'f1': 80.96, 'ndev': 4076, 'ntest': 1725}"
allmpnet,SUM-NS_LYR-4,"torch.Size([61, 768])",NORMAL,4,0,12,"{'devacc': np.float64(80.22), 'acc': np.float64(79.31), 'ndev': 10662, 'ntest': 10662}","{'devacc': np.float64(85.54), 'acc': np.float64(84.19), 'ndev': 3775, 'ntest': 3775}","{'devacc': np.float64(94.94), 'acc': np.float64(94.52), 'ndev': 10000, 'ntest': 10000}","{'devacc': np.float64(89.43), 'acc': np.float64(88.89), 'ndev': 10606, 'ntest': 10606}","{'devacc': np.float64(83.83), 'acc': 84.13, 'ndev': 872, 'ntest': 1821}","{'devacc': np.float64(85.05), 'acc': 91.2, 'ndev': 5452, 'ntest': 500}","{'devacc': np.float64(71.81), 'acc': 64.46, 'f1': 70.29, 'ndev': 4076, 'ntest': 1725}"
allmpnet,MAX-NS_LYR-4,"torch.Size([61, 768])",NORMAL,4,0,12,"{'devacc': np.float64(78.6), 'acc': np.float64(78.18), 'ndev': 10662, 'ntest': 10662}","{'devacc': np.float64(66.28), 'acc': np.float64(62.65), 'ndev': 3775, 'ntest': 3775}","{'devacc': np.float64(93.29), 'acc': np.float64(93.01), 'ndev': 10000, 'ntest': 10000}","{'devacc': np.float64(68.73), 'acc': np.float64(68.73), 'ndev': 10606, 'ntest': 10606}","{'devacc': np.float64(65.02), 'acc': 65.68, 'ndev': 872, 'ntest': 1821}","{'devacc': np.float64(81.82), 'acc': 89.6, 'ndev': 5452, 'ntest': 500}","{'devacc': np.float64(75.0), 'acc': 75.01, 'f1': 82.44, 'ndev': 4076, 'ntest': 1725}"
allmpnet,CLS_LYR-5,"torch.Size([61, 768])",NORMAL,4,0,12,"{'devacc': np.float64(80.52), 'acc': np.float64(79.35), 'ndev': 10662, 'ntest': 10662}","{'devacc': np.float64(85.48), 'acc': np.float64(84.19), 'ndev': 3775, 'ntest': 3775}","{'devacc': np.float64(94.97), 'acc': np.float64(94.5), 'ndev': 10000, 'ntest': 10000}","{'devacc': np.float64(87.83), 'acc': np.float64(87.41), 'ndev': 10606, 'ntest': 10606}","{'devacc': np.float64(83.49), 'acc': 84.29, 'ndev': 872, 'ntest': 1821}","{'devacc': np.float64(79.09), 'acc': 85.6, 'ndev': 5452, 'ntest': 500}","{'devacc': np.float64(71.59), 'acc': 70.61, 'f1': 80.72, 'ndev': 4076, 'ntest': 1725}"
allmpnet,AVG_LYR-5,"torch.Size([61, 768])",NORMAL,4,0,12,"{'devacc': np.float64(84.97), 'acc': np.float64(84.48), 'ndev': 10662, 'ntest': 10662}","{'devacc': np.float64(90.28), 'acc': np.float64(89.59), 'ndev': 3775, 'ntest': 3775}","{'devacc': np.float64(95.89), 'acc': np.float64(95.46), 'ndev': 10000, 'ntest': 10000}","{'devacc': np.float64(91.27), 'acc': np.float64(90.9), 'ndev': 10606, 'ntest': 10606}","{'devacc': np.float64(88.3), 'acc': 88.36, 'ndev': 872, 'ntest': 1821}","{'devacc': np.float64(89.25), 'acc': 94.4, 'ndev': 5452, 'ntest': 500}","{'devacc': np.float64(76.59), 'acc': 77.1, 'f1': 84.18, 'ndev': 4076, 'ntest': 1725}"
allmpnet,SUM_LYR-5,"torch.Size([61, 768])",NORMAL,4,0,12,"{'devacc': np.float64(83.93), 'acc': np.float64(83.28), 'ndev': 10662, 'ntest': 10662}","{'devacc': np.float64(89.65), 'acc': np.float64(89.11), 'ndev': 3775, 'ntest': 3775}","{'devacc': np.float64(95.61), 'acc': np.float64(95.38), 'ndev': 10000, 'ntest': 10000}","{'devacc': np.float64(90.85), 'acc': np.float64(90.48), 'ndev': 10606, 'ntest': 10606}","{'devacc': np.float64(87.84), 'acc': 87.48, 'ndev': 872, 'ntest': 1821}","{'devacc': np.float64(89.99), 'acc': 94.4, 'ndev': 5452, 'ntest': 500}","{'devacc': np.float64(74.24), 'acc': 73.68, 'f1': 81.71, 'ndev': 4076, 'ntest': 1725}"
allmpnet,MAX_LYR-5,"torch.Size([61, 768])",NORMAL,4,0,12,"{'devacc': np.float64(81.51), 'acc': np.float64(80.87), 'ndev': 10662, 'ntest': 10662}","{'devacc': np.float64(87.6), 'acc': np.float64(86.44), 'ndev': 3775, 'ntest': 3775}","{'devacc': np.float64(94.59), 'acc': np.float64(94.11), 'ndev': 10000, 'ntest': 10000}","{'devacc': np.float64(90.24), 'acc': np.float64(89.66), 'ndev': 10606, 'ntest': 10606}","{'devacc': np.float64(85.78), 'acc': 85.67, 'ndev': 872, 'ntest': 1821}","{'devacc': np.float64(88.15), 'acc': 93.4, 'ndev': 5452, 'ntest': 500}","{'devacc': np.float64(75.66), 'acc': 76.29, 'f1': 83.71, 'ndev': 4076, 'ntest': 1725}"
allmpnet,AVG-NS_LYR-5,"torch.Size([61, 768])",NORMAL,4,0,12,"{'devacc': np.float64(83.59), 'acc': np.float64(83.2), 'ndev': 10662, 'ntest': 10662}","{'devacc': np.float64(88.33), 'acc': np.float64(87.63), 'ndev': 3775, 'ntest': 3775}","{'devacc': np.float64(95.68), 'acc': np.float64(95.29), 'ndev': 10000, 'ntest': 10000}","{'devacc': np.float64(90.51), 'acc': np.float64(90.12), 'ndev': 10606, 'ntest': 10606}","{'devacc': np.float64(87.61), 'acc': 87.64, 'ndev': 872, 'ntest': 1821}","{'devacc': np.float64(85.88), 'acc': 91.8, 'ndev': 5452, 'ntest': 500}","{'devacc': np.float64(75.27), 'acc': 74.09, 'f1': 81.94, 'ndev': 4076, 'ntest': 1725}"
allmpnet,SUM-NS_LYR-5,"torch.Size([61, 768])",NORMAL,4,0,12,"{'devacc': np.float64(82.84), 'acc': np.float64(82.1), 'ndev': 10662, 'ntest': 10662}","{'devacc': np.float64(87.94), 'acc': np.float64(87.36), 'ndev': 3775, 'ntest': 3775}","{'devacc': np.float64(95.37), 'acc': np.float64(94.73), 'ndev': 10000, 'ntest': 10000}","{'devacc': np.float64(90.13), 'acc': np.float64(89.92), 'ndev': 10606, 'ntest': 10606}","{'devacc': np.float64(87.5), 'acc': 86.77, 'ndev': 872, 'ntest': 1821}","{'devacc': np.float64(86.17), 'acc': 91.6, 'ndev': 5452, 'ntest': 500}","{'devacc': np.float64(72.45), 'acc': 69.57, 'f1': 76.64, 'ndev': 4076, 'ntest': 1725}"
allmpnet,MAX-NS_LYR-5,"torch.Size([61, 768])",NORMAL,4,0,12,"{'devacc': np.float64(80.78), 'acc': np.float64(80.11), 'ndev': 10662, 'ntest': 10662}","{'devacc': np.float64(67.33), 'acc': np.float64(64.45), 'ndev': 3775, 'ntest': 3775}","{'devacc': np.float64(94.19), 'acc': np.float64(93.91), 'ndev': 10000, 'ntest': 10000}","{'devacc': np.float64(68.76), 'acc': np.float64(68.7), 'ndev': 10606, 'ntest': 10606}","{'devacc': np.float64(68.46), 'acc': 66.89, 'ndev': 872, 'ntest': 1821}","{'devacc': np.float64(83.25), 'acc': 90.2, 'ndev': 5452, 'ntest': 500}","{'devacc': np.float64(74.7), 'acc': 75.13, 'f1': 82.97, 'ndev': 4076, 'ntest': 1725}"
allmpnet,CLS_LYR-6,"torch.Size([61, 768])",NORMAL,4,0,12,"{'devacc': np.float64(82.74), 'acc': np.float64(81.82), 'ndev': 10662, 'ntest': 10662}","{'devacc': np.float64(89.01), 'acc': np.float64(88.32), 'ndev': 3775, 'ntest': 3775}","{'devacc': np.float64(94.6), 'acc': np.float64(94.37), 'ndev': 10000, 'ntest': 10000}","{'devacc': np.float64(68.78), 'acc': np.float64(68.79), 'ndev': 10606, 'ntest': 10606}","{'devacc': np.float64(86.35), 'acc': 86.44, 'ndev': 872, 'ntest': 1821}","{'devacc': np.float64(44.99), 'acc': 46.2, 'ndev': 5452, 'ntest': 500}","{'devacc': np.float64(71.32), 'acc': 69.97, 'f1': 79.83, 'ndev': 4076, 'ntest': 1725}"
allmpnet,AVG_LYR-6,"torch.Size([61, 768])",NORMAL,4,0,12,"{'devacc': np.float64(85.81), 'acc': np.float64(85.33), 'ndev': 10662, 'ntest': 10662}","{'devacc': np.float64(91.47), 'acc': np.float64(90.81), 'ndev': 3775, 'ntest': 3775}","{'devacc': np.float64(96.32), 'acc': np.float64(95.88), 'ndev': 10000, 'ntest': 10000}","{'devacc': np.float64(91.41), 'acc': np.float64(90.92), 'ndev': 10606, 'ntest': 10606}","{'devacc': np.float64(88.99), 'acc': 90.5, 'ndev': 872, 'ntest': 1821}","{'devacc': np.float64(89.93), 'acc': 94.4, 'ndev': 5452, 'ntest': 500}","{'devacc': np.float64(76.89), 'acc': 76.0, 'f1': 83.37, 'ndev': 4076, 'ntest': 1725}"
allmpnet,SUM_LYR-6,"torch.Size([61, 768])",NORMAL,4,0,12,"{'devacc': np.float64(84.45), 'acc': np.float64(83.82), 'ndev': 10662, 'ntest': 10662}","{'devacc': np.float64(90.79), 'acc': np.float64(89.75), 'ndev': 3775, 'ntest': 3775}","{'devacc': np.float64(96.03), 'acc': np.float64(95.46), 'ndev': 10000, 'ntest': 10000}","{'devacc': np.float64(90.99), 'acc': np.float64(90.56), 'ndev': 10606, 'ntest': 10606}","{'devacc': np.float64(89.22), 'acc': 89.73, 'ndev': 872, 'ntest': 1821}","{'devacc': np.float64(89.56), 'acc': 94.8, 'ndev': 5452, 'ntest': 500}","{'devacc': np.float64(73.82), 'acc': 73.86, 'f1': 81.64, 'ndev': 4076, 'ntest': 1725}"
allmpnet,MAX_LYR-6,"torch.Size([61, 768])",NORMAL,4,0,12,"{'devacc': np.float64(83.13), 'acc': np.float64(82.2), 'ndev': 10662, 'ntest': 10662}","{'devacc': np.float64(89.89), 'acc': np.float64(88.82), 'ndev': 3775, 'ntest': 3775}","{'devacc': np.float64(94.93), 'acc': np.float64(94.49), 'ndev': 10000, 'ntest': 10000}","{'devacc': np.float64(90.42), 'acc': np.float64(89.93), 'ndev': 10606, 'ntest': 10606}","{'devacc': np.float64(87.5), 'acc': 88.58, 'ndev': 872, 'ntest': 1821}","{'devacc': np.float64(88.68), 'acc': 93.0, 'ndev': 5452, 'ntest': 500}","{'devacc': np.float64(76.1), 'acc': 74.72, 'f1': 80.99, 'ndev': 4076, 'ntest': 1725}"
allmpnet,AVG-NS_LYR-6,"torch.Size([61, 768])",NORMAL,4,0,12,"{'devacc': np.float64(84.85), 'acc': np.float64(84.44), 'ndev': 10662, 'ntest': 10662}","{'devacc': np.float64(90.41), 'acc': np.float64(89.56), 'ndev': 3775, 'ntest': 3775}","{'devacc': np.float64(96.0), 'acc': np.float64(95.65), 'ndev': 10000, 'ntest': 10000}","{'devacc': np.float64(90.8), 'acc': np.float64(90.23), 'ndev': 10606, 'ntest': 10606}","{'devacc': np.float64(88.99), 'acc': 89.29, 'ndev': 872, 'ntest': 1821}","{'devacc': np.float64(86.5), 'acc': 92.0, 'ndev': 5452, 'ntest': 500}","{'devacc': np.float64(75.71), 'acc': 73.86, 'f1': 81.28, 'ndev': 4076, 'ntest': 1725}"
allmpnet,SUM-NS_LYR-6,"torch.Size([61, 768])",NORMAL,4,0,12,"{'devacc': np.float64(83.86), 'acc': np.float64(82.82), 'ndev': 10662, 'ntest': 10662}","{'devacc': np.float64(89.89), 'acc': np.float64(89.27), 'ndev': 3775, 'ntest': 3775}","{'devacc': np.float64(95.7), 'acc': np.float64(95.15), 'ndev': 10000, 'ntest': 10000}","{'devacc': np.float64(90.34), 'acc': np.float64(89.88), 'ndev': 10606, 'ntest': 10606}","{'devacc': np.float64(88.99), 'acc': 88.8, 'ndev': 872, 'ntest': 1821}","{'devacc': np.float64(86.46), 'acc': 90.8, 'ndev': 5452, 'ntest': 500}","{'devacc': np.float64(72.55), 'acc': 70.43, 'f1': 80.46, 'ndev': 4076, 'ntest': 1725}"
allmpnet,MAX-NS_LYR-6,"torch.Size([61, 768])",NORMAL,4,0,12,"{'devacc': np.float64(82.29), 'acc': np.float64(81.44), 'ndev': 10662, 'ntest': 10662}","{'devacc': np.float64(67.7), 'acc': np.float64(62.07), 'ndev': 3775, 'ntest': 3775}","{'devacc': np.float64(94.64), 'acc': np.float64(94.14), 'ndev': 10000, 'ntest': 10000}","{'devacc': np.float64(68.74), 'acc': np.float64(68.71), 'ndev': 10606, 'ntest': 10606}","{'devacc': np.float64(70.87), 'acc': 68.86, 'ndev': 872, 'ntest': 1821}","{'devacc': np.float64(83.57), 'acc': 88.8, 'ndev': 5452, 'ntest': 500}","{'devacc': np.float64(75.37), 'acc': 74.78, 'f1': 82.49, 'ndev': 4076, 'ntest': 1725}"
allmpnet,CLS_LYR-7,"torch.Size([61, 768])",NORMAL,4,0,12,"{'devacc': np.float64(83.71), 'acc': np.float64(82.55), 'ndev': 10662, 'ntest': 10662}","{'devacc': np.float64(90.48), 'acc': np.float64(89.46), 'ndev': 3775, 'ntest': 3775}","{'devacc': np.float64(94.38), 'acc': np.float64(94.04), 'ndev': 10000, 'ntest': 10000}","{'devacc': np.float64(68.78), 'acc': np.float64(68.75), 'ndev': 10606, 'ntest': 10606}","{'devacc': np.float64(87.96), 'acc': 88.8, 'ndev': 872, 'ntest': 1821}","{'devacc': np.float64(37.93), 'acc': 43.2, 'ndev': 5452, 'ntest': 500}","{'devacc': np.float64(72.03), 'acc': 70.26, 'f1': 80.52, 'ndev': 4076, 'ntest': 1725}"
allmpnet,AVG_LYR-7,"torch.Size([61, 768])",NORMAL,4,0,12,"{'devacc': np.float64(86.74), 'acc': np.float64(86.29), 'ndev': 10662, 'ntest': 10662}","{'devacc': np.float64(92.19), 'acc': np.float64(91.76), 'ndev': 3775, 'ntest': 3775}","{'devacc': np.float64(96.36), 'acc': np.float64(95.95), 'ndev': 10000, 'ntest': 10000}","{'devacc': np.float64(91.26), 'acc': np.float64(90.82), 'ndev': 10606, 'ntest': 10606}","{'devacc': np.float64(90.37), 'acc': 91.05, 'ndev': 872, 'ntest': 1821}","{'devacc': np.float64(89.93), 'acc': 95.4, 'ndev': 5452, 'ntest': 500}","{'devacc': np.float64(76.54), 'acc': 76.0, 'f1': 82.92, 'ndev': 4076, 'ntest': 1725}"
allmpnet,SUM_LYR-7,"torch.Size([61, 768])",NORMAL,4,0,12,"{'devacc': np.float64(85.63), 'acc': np.float64(84.96), 'ndev': 10662, 'ntest': 10662}","{'devacc': np.float64(91.65), 'acc': np.float64(91.07), 'ndev': 3775, 'ntest': 3775}","{'devacc': np.float64(96.03), 'acc': np.float64(95.65), 'ndev': 10000, 'ntest': 10000}","{'devacc': np.float64(90.81), 'acc': np.float64(90.29), 'ndev': 10606, 'ntest': 10606}","{'devacc': np.float64(90.83), 'acc': 90.5, 'ndev': 872, 'ntest': 1821}","{'devacc': np.float64(89.95), 'acc': 94.4, 'ndev': 5452, 'ntest': 500}","{'devacc': np.float64(74.19), 'acc': 70.9, 'f1': 78.47, 'ndev': 4076, 'ntest': 1725}"
allmpnet,MAX_LYR-7,"torch.Size([61, 768])",NORMAL,4,0,12,"{'devacc': np.float64(84.47), 'acc': np.float64(83.71), 'ndev': 10662, 'ntest': 10662}","{'devacc': np.float64(91.06), 'acc': np.float64(89.8), 'ndev': 3775, 'ntest': 3775}","{'devacc': np.float64(94.88), 'acc': np.float64(94.25), 'ndev': 10000, 'ntest': 10000}","{'devacc': np.float64(90.29), 'acc': np.float64(89.76), 'ndev': 10606, 'ntest': 10606}","{'devacc': np.float64(88.53), 'acc': 89.02, 'ndev': 872, 'ntest': 1821}","{'devacc': np.float64(88.52), 'acc': 94.4, 'ndev': 5452, 'ntest': 500}","{'devacc': np.float64(75.51), 'acc': 75.71, 'f1': 82.13, 'ndev': 4076, 'ntest': 1725}"
allmpnet,AVG-NS_LYR-7,"torch.Size([61, 768])",NORMAL,4,0,12,"{'devacc': np.float64(85.98), 'acc': np.float64(85.35), 'ndev': 10662, 'ntest': 10662}","{'devacc': np.float64(91.22), 'acc': np.float64(90.28), 'ndev': 3775, 'ntest': 3775}","{'devacc': np.float64(96.04), 'acc': np.float64(95.68), 'ndev': 10000, 'ntest': 10000}","{'devacc': np.float64(90.78), 'acc': np.float64(90.37), 'ndev': 10606, 'ntest': 10606}","{'devacc': np.float64(89.91), 'acc': 90.33, 'ndev': 872, 'ntest': 1821}","{'devacc': np.float64(86.04), 'acc': 92.4, 'ndev': 5452, 'ntest': 500}","{'devacc': np.float64(74.9), 'acc': 73.45, 'f1': 81.56, 'ndev': 4076, 'ntest': 1725}"
allmpnet,SUM-NS_LYR-7,"torch.Size([61, 768])",NORMAL,4,0,12,"{'devacc': np.float64(84.96), 'acc': np.float64(83.76), 'ndev': 10662, 'ntest': 10662}","{'devacc': np.float64(90.82), 'acc': np.float64(90.2), 'ndev': 3775, 'ntest': 3775}","{'devacc': np.float64(95.92), 'acc': np.float64(95.35), 'ndev': 10000, 'ntest': 10000}","{'devacc': np.float64(90.19), 'acc': np.float64(89.95), 'ndev': 10606, 'ntest': 10606}","{'devacc': np.float64(89.22), 'acc': 89.68, 'ndev': 872, 'ntest': 1821}","{'devacc': np.float64(86.26), 'acc': 92.6, 'ndev': 5452, 'ntest': 500}","{'devacc': np.float64(71.83), 'acc': 72.23, 'f1': 79.18, 'ndev': 4076, 'ntest': 1725}"
allmpnet,MAX-NS_LYR-7,"torch.Size([61, 768])",NORMAL,4,0,12,"{'devacc': np.float64(83.42), 'acc': np.float64(82.8), 'ndev': 10662, 'ntest': 10662}","{'devacc': np.float64(70.87), 'acc': np.float64(64.19), 'ndev': 3775, 'ntest': 3775}","{'devacc': np.float64(94.53), 'acc': np.float64(94.03), 'ndev': 10000, 'ntest': 10000}","{'devacc': np.float64(68.76), 'acc': np.float64(68.73), 'ndev': 10606, 'ntest': 10606}","{'devacc': np.float64(73.05), 'acc': 72.21, 'ndev': 872, 'ntest': 1821}","{'devacc': np.float64(83.93), 'acc': 90.0, 'ndev': 5452, 'ntest': 500}","{'devacc': np.float64(74.43), 'acc': 74.49, 'f1': 82.46, 'ndev': 4076, 'ntest': 1725}"
allmpnet,CLS_LYR-8,"torch.Size([61, 768])",NORMAL,4,0,12,"{'devacc': np.float64(84.24), 'acc': np.float64(83.31), 'ndev': 10662, 'ntest': 10662}","{'devacc': np.float64(90.21), 'acc': np.float64(89.3), 'ndev': 3775, 'ntest': 3775}","{'devacc': np.float64(94.28), 'acc': np.float64(94.05), 'ndev': 10000, 'ntest': 10000}","{'devacc': np.float64(84.37), 'acc': np.float64(84.4), 'ndev': 10606, 'ntest': 10606}","{'devacc': np.float64(88.3), 'acc': 87.04, 'ndev': 872, 'ntest': 1821}","{'devacc': np.float64(65.21), 'acc': 70.6, 'ndev': 5452, 'ntest': 500}","{'devacc': np.float64(71.98), 'acc': 68.87, 'f1': 80.32, 'ndev': 4076, 'ntest': 1725}"
allmpnet,AVG_LYR-8,"torch.Size([61, 768])",NORMAL,4,0,12,"{'devacc': np.float64(87.16), 'acc': np.float64(86.4), 'ndev': 10662, 'ntest': 10662}","{'devacc': np.float64(92.18), 'acc': np.float64(91.6), 'ndev': 3775, 'ntest': 3775}","{'devacc': np.float64(96.18), 'acc': np.float64(95.69), 'ndev': 10000, 'ntest': 10000}","{'devacc': np.float64(91.12), 'acc': np.float64(90.82), 'ndev': 10606, 'ntest': 10606}","{'devacc': np.float64(90.71), 'acc': 91.16, 'ndev': 872, 'ntest': 1821}","{'devacc': np.float64(90.63), 'acc': 93.8, 'ndev': 5452, 'ntest': 500}","{'devacc': np.float64(77.23), 'acc': 75.71, 'f1': 82.53, 'ndev': 4076, 'ntest': 1725}"
allmpnet,SUM_LYR-8,"torch.Size([61, 768])",NORMAL,4,0,12,"{'devacc': np.float64(85.92), 'acc': np.float64(85.07), 'ndev': 10662, 'ntest': 10662}","{'devacc': np.float64(91.53), 'acc': np.float64(90.49), 'ndev': 3775, 'ntest': 3775}","{'devacc': np.float64(95.72), 'acc': np.float64(95.16), 'ndev': 10000, 'ntest': 10000}","{'devacc': np.float64(90.64), 'acc': np.float64(90.15), 'ndev': 10606, 'ntest': 10606}","{'devacc': np.float64(90.6), 'acc': 90.12, 'ndev': 872, 'ntest': 1821}","{'devacc': np.float64(90.52), 'acc': 95.6, 'ndev': 5452, 'ntest': 500}","{'devacc': np.float64(74.02), 'acc': 73.74, 'f1': 81.49, 'ndev': 4076, 'ntest': 1725}"
allmpnet,MAX_LYR-8,"torch.Size([61, 768])",NORMAL,4,0,12,"{'devacc': np.float64(85.81), 'acc': np.float64(84.63), 'ndev': 10662, 'ntest': 10662}","{'devacc': np.float64(91.34), 'acc': np.float64(90.17), 'ndev': 3775, 'ntest': 3775}","{'devacc': np.float64(95.15), 'acc': np.float64(94.72), 'ndev': 10000, 'ntest': 10000}","{'devacc': np.float64(90.14), 'acc': np.float64(89.76), 'ndev': 10606, 'ntest': 10606}","{'devacc': np.float64(88.99), 'acc': 89.84, 'ndev': 872, 'ntest': 1821}","{'devacc': np.float64(89.05), 'acc': 92.2, 'ndev': 5452, 'ntest': 500}","{'devacc': np.float64(75.37), 'acc': 74.14, 'f1': 82.37, 'ndev': 4076, 'ntest': 1725}"
allmpnet,AVG-NS_LYR-8,"torch.Size([61, 768])",NORMAL,4,0,12,"{'devacc': np.float64(86.39), 'acc': np.float64(85.71), 'ndev': 10662, 'ntest': 10662}","{'devacc': np.float64(91.2), 'acc': np.float64(90.52), 'ndev': 3775, 'ntest': 3775}","{'devacc': np.float64(95.77), 'acc': np.float64(95.44), 'ndev': 10000, 'ntest': 10000}","{'devacc': np.float64(90.59), 'acc': np.float64(90.26), 'ndev': 10606, 'ntest': 10606}","{'devacc': np.float64(90.02), 'acc': 90.55, 'ndev': 872, 'ntest': 1821}","{'devacc': np.float64(86.37), 'acc': 92.0, 'ndev': 5452, 'ntest': 500}","{'devacc': np.float64(74.61), 'acc': 73.86, 'f1': 81.37, 'ndev': 4076, 'ntest': 1725}"
allmpnet,SUM-NS_LYR-8,"torch.Size([61, 768])",NORMAL,4,0,12,"{'devacc': np.float64(85.5), 'acc': np.float64(84.63), 'ndev': 10662, 'ntest': 10662}","{'devacc': np.float64(90.75), 'acc': np.float64(90.12), 'ndev': 3775, 'ntest': 3775}","{'devacc': np.float64(95.61), 'acc': np.float64(95.16), 'ndev': 10000, 'ntest': 10000}","{'devacc': np.float64(89.95), 'acc': np.float64(89.61), 'ndev': 10606, 'ntest': 10606}","{'devacc': np.float64(89.91), 'acc': 89.68, 'ndev': 872, 'ntest': 1821}","{'devacc': np.float64(86.65), 'acc': 92.6, 'ndev': 5452, 'ntest': 500}","{'devacc': np.float64(70.75), 'acc': 70.96, 'f1': 79.92, 'ndev': 4076, 'ntest': 1725}"
allmpnet,MAX-NS_LYR-8,"torch.Size([61, 768])",NORMAL,4,0,12,"{'devacc': np.float64(84.93), 'acc': np.float64(84.43), 'ndev': 10662, 'ntest': 10662}","{'devacc': np.float64(71.27), 'acc': np.float64(64.06), 'ndev': 3775, 'ntest': 3775}","{'devacc': np.float64(94.73), 'acc': np.float64(94.36), 'ndev': 10000, 'ntest': 10000}","{'devacc': np.float64(68.77), 'acc': np.float64(68.56), 'ndev': 10606, 'ntest': 10606}","{'devacc': np.float64(74.77), 'acc': 75.12, 'ndev': 872, 'ntest': 1821}","{'devacc': np.float64(83.8), 'acc': 88.6, 'ndev': 5452, 'ntest': 500}","{'devacc': np.float64(74.75), 'acc': 73.33, 'f1': 81.33, 'ndev': 4076, 'ntest': 1725}"
allmpnet,CLS_LYR-9,"torch.Size([61, 768])",NORMAL,4,0,12,"{'devacc': np.float64(83.08), 'acc': np.float64(82.4), 'ndev': 10662, 'ntest': 10662}","{'devacc': np.float64(86.37), 'acc': np.float64(85.46), 'ndev': 3775, 'ntest': 3775}","{'devacc': np.float64(92.43), 'acc': np.float64(91.81), 'ndev': 10000, 'ntest': 10000}","{'devacc': np.float64(78.53), 'acc': np.float64(79.19), 'ndev': 10606, 'ntest': 10606}","{'devacc': np.float64(86.7), 'acc': 86.44, 'ndev': 872, 'ntest': 1821}","{'devacc': np.float64(63.83), 'acc': 74.6, 'ndev': 5452, 'ntest': 500}","{'devacc': np.float64(67.79), 'acc': 66.32, 'f1': 79.65, 'ndev': 4076, 'ntest': 1725}"
allmpnet,AVG_LYR-9,"torch.Size([61, 768])",NORMAL,4,0,12,"{'devacc': np.float64(87.15), 'acc': np.float64(86.57), 'ndev': 10662, 'ntest': 10662}","{'devacc': np.float64(92.09), 'acc': np.float64(91.31), 'ndev': 3775, 'ntest': 3775}","{'devacc': np.float64(96.09), 'acc': np.float64(95.4), 'ndev': 10000, 'ntest': 10000}","{'devacc': np.float64(90.76), 'acc': np.float64(90.19), 'ndev': 10606, 'ntest': 10606}","{'devacc': np.float64(89.79), 'acc': 91.1, 'ndev': 872, 'ntest': 1821}","{'devacc': np.float64(90.61), 'acc': 96.2, 'ndev': 5452, 'ntest': 500}","{'devacc': np.float64(76.89), 'acc': 75.71, 'f1': 82.93, 'ndev': 4076, 'ntest': 1725}"
allmpnet,SUM_LYR-9,"torch.Size([61, 768])",NORMAL,4,0,12,"{'devacc': np.float64(85.91), 'acc': np.float64(85.12), 'ndev': 10662, 'ntest': 10662}","{'devacc': np.float64(91.54), 'acc': np.float64(90.81), 'ndev': 3775, 'ntest': 3775}","{'devacc': np.float64(95.77), 'acc': np.float64(95.26), 'ndev': 10000, 'ntest': 10000}","{'devacc': np.float64(90.34), 'acc': np.float64(89.97), 'ndev': 10606, 'ntest': 10606}","{'devacc': np.float64(90.48), 'acc': 90.39, 'ndev': 872, 'ntest': 1821}","{'devacc': np.float64(90.77), 'acc': 95.6, 'ndev': 5452, 'ntest': 500}","{'devacc': np.float64(73.8), 'acc': 72.87, 'f1': 80.3, 'ndev': 4076, 'ntest': 1725}"
allmpnet,MAX_LYR-9,"torch.Size([61, 768])",NORMAL,4,0,12,"{'devacc': np.float64(85.62), 'acc': np.float64(84.51), 'ndev': 10662, 'ntest': 10662}","{'devacc': np.float64(90.96), 'acc': np.float64(89.8), 'ndev': 3775, 'ntest': 3775}","{'devacc': np.float64(95.03), 'acc': np.float64(94.81), 'ndev': 10000, 'ntest': 10000}","{'devacc': np.float64(90.02), 'acc': np.float64(89.63), 'ndev': 10606, 'ntest': 10606}","{'devacc': np.float64(89.22), 'acc': 90.44, 'ndev': 872, 'ntest': 1821}","{'devacc': np.float64(90.3), 'acc': 96.0, 'ndev': 5452, 'ntest': 500}","{'devacc': np.float64(75.02), 'acc': 74.32, 'f1': 81.64, 'ndev': 4076, 'ntest': 1725}"
allmpnet,AVG-NS_LYR-9,"torch.Size([61, 768])",NORMAL,4,0,12,"{'devacc': np.float64(86.51), 'acc': np.float64(85.74), 'ndev': 10662, 'ntest': 10662}","{'devacc': np.float64(91.23), 'acc': np.float64(90.52), 'ndev': 3775, 'ntest': 3775}","{'devacc': np.float64(95.72), 'acc': np.float64(95.16), 'ndev': 10000, 'ntest': 10000}","{'devacc': np.float64(90.36), 'acc': np.float64(89.87), 'ndev': 10606, 'ntest': 10606}","{'devacc': np.float64(90.37), 'acc': 90.72, 'ndev': 872, 'ntest': 1821}","{'devacc': np.float64(86.66), 'acc': 92.6, 'ndev': 5452, 'ntest': 500}","{'devacc': np.float64(75.07), 'acc': 73.8, 'f1': 81.76, 'ndev': 4076, 'ntest': 1725}"
allmpnet,SUM-NS_LYR-9,"torch.Size([61, 768])",NORMAL,4,0,12,"{'devacc': np.float64(85.63), 'acc': np.float64(84.9), 'ndev': 10662, 'ntest': 10662}","{'devacc': np.float64(91.14), 'acc': np.float64(90.25), 'ndev': 3775, 'ntest': 3775}","{'devacc': np.float64(95.57), 'acc': np.float64(94.93), 'ndev': 10000, 'ntest': 10000}","{'devacc': np.float64(89.83), 'acc': np.float64(89.47), 'ndev': 10606, 'ntest': 10606}","{'devacc': np.float64(89.56), 'acc': 89.73, 'ndev': 872, 'ntest': 1821}","{'devacc': np.float64(86.66), 'acc': 93.8, 'ndev': 5452, 'ntest': 500}","{'devacc': np.float64(72.4), 'acc': 70.03, 'f1': 77.53, 'ndev': 4076, 'ntest': 1725}"
allmpnet,MAX-NS_LYR-9,"torch.Size([61, 768])",NORMAL,4,0,12,"{'devacc': np.float64(84.86), 'acc': np.float64(84.26), 'ndev': 10662, 'ntest': 10662}","{'devacc': np.float64(69.46), 'acc': np.float64(69.69), 'ndev': 3775, 'ntest': 3775}","{'devacc': np.float64(94.56), 'acc': np.float64(93.85), 'ndev': 10000, 'ntest': 10000}","{'devacc': np.float64(68.78), 'acc': np.float64(68.54), 'ndev': 10606, 'ntest': 10606}","{'devacc': np.float64(77.18), 'acc': 77.32, 'ndev': 872, 'ntest': 1821}","{'devacc': np.float64(85.11), 'acc': 92.0, 'ndev': 5452, 'ntest': 500}","{'devacc': np.float64(74.07), 'acc': 73.28, 'f1': 80.96, 'ndev': 4076, 'ntest': 1725}"
allmpnet,CLS_LYR-10,"torch.Size([61, 768])",NORMAL,4,0,12,"{'devacc': np.float64(78.15), 'acc': np.float64(77.35), 'ndev': 10662, 'ntest': 10662}","{'devacc': np.float64(64.05), 'acc': np.float64(63.82), 'ndev': 3775, 'ntest': 3775}","{'devacc': np.float64(82.43), 'acc': np.float64(81.51), 'ndev': 10000, 'ntest': 10000}","{'devacc': np.float64(68.77), 'acc': np.float64(68.77), 'ndev': 10606, 'ntest': 10606}","{'devacc': np.float64(83.26), 'acc': 84.51, 'ndev': 872, 'ntest': 1821}","{'devacc': np.float64(40.83), 'acc': 47.6, 'ndev': 5452, 'ntest': 500}","{'devacc': np.float64(68.13), 'acc': 66.2, 'f1': 79.27, 'ndev': 4076, 'ntest': 1725}"
allmpnet,AVG_LYR-10,"torch.Size([61, 768])",NORMAL,4,0,12,"{'devacc': np.float64(87.15), 'acc': np.float64(86.64), 'ndev': 10662, 'ntest': 10662}","{'devacc': np.float64(91.47), 'acc': np.float64(90.41), 'ndev': 3775, 'ntest': 3775}","{'devacc': np.float64(95.83), 'acc': np.float64(95.47), 'ndev': 10000, 'ntest': 10000}","{'devacc': np.float64(90.69), 'acc': np.float64(90.34), 'ndev': 10606, 'ntest': 10606}","{'devacc': np.float64(90.83), 'acc': 90.55, 'ndev': 872, 'ntest': 1821}","{'devacc': np.float64(91.95), 'acc': 96.4, 'ndev': 5452, 'ntest': 500}","{'devacc': np.float64(77.87), 'acc': 76.81, 'f1': 83.79, 'ndev': 4076, 'ntest': 1725}"
allmpnet,SUM_LYR-10,"torch.Size([61, 768])",NORMAL,4,0,12,"{'devacc': np.float64(85.76), 'acc': np.float64(84.81), 'ndev': 10662, 'ntest': 10662}","{'devacc': np.float64(91.17), 'acc': np.float64(90.38), 'ndev': 3775, 'ntest': 3775}","{'devacc': np.float64(95.56), 'acc': np.float64(94.93), 'ndev': 10000, 'ntest': 10000}","{'devacc': np.float64(90.3), 'acc': np.float64(89.69), 'ndev': 10606, 'ntest': 10606}","{'devacc': np.float64(90.48), 'acc': 90.61, 'ndev': 872, 'ntest': 1821}","{'devacc': np.float64(91.75), 'acc': 96.6, 'ndev': 5452, 'ntest': 500}","{'devacc': np.float64(73.9), 'acc': 71.59, 'f1': 79.04, 'ndev': 4076, 'ntest': 1725}"
allmpnet,MAX_LYR-10,"torch.Size([61, 768])",NORMAL,4,0,12,"{'devacc': np.float64(86.02), 'acc': np.float64(85.12), 'ndev': 10662, 'ntest': 10662}","{'devacc': np.float64(89.97), 'acc': np.float64(88.24), 'ndev': 3775, 'ntest': 3775}","{'devacc': np.float64(94.77), 'acc': np.float64(94.47), 'ndev': 10000, 'ntest': 10000}","{'devacc': np.float64(89.76), 'acc': np.float64(89.4), 'ndev': 10606, 'ntest': 10606}","{'devacc': np.float64(89.33), 'acc': 89.9, 'ndev': 872, 'ntest': 1821}","{'devacc': np.float64(90.44), 'acc': 95.6, 'ndev': 5452, 'ntest': 500}","{'devacc': np.float64(76.03), 'acc': 75.59, 'f1': 83.04, 'ndev': 4076, 'ntest': 1725}"
allmpnet,AVG-NS_LYR-10,"torch.Size([61, 768])",NORMAL,4,0,12,"{'devacc': np.float64(86.38), 'acc': np.float64(85.74), 'ndev': 10662, 'ntest': 10662}","{'devacc': np.float64(90.52), 'acc': np.float64(89.64), 'ndev': 3775, 'ntest': 3775}","{'devacc': np.float64(95.44), 'acc': np.float64(94.9), 'ndev': 10000, 'ntest': 10000}","{'devacc': np.float64(90.21), 'acc': np.float64(89.81), 'ndev': 10606, 'ntest': 10606}","{'devacc': np.float64(91.97), 'acc': 90.39, 'ndev': 872, 'ntest': 1821}","{'devacc': np.float64(86.1), 'acc': 91.8, 'ndev': 5452, 'ntest': 500}","{'devacc': np.float64(76.35), 'acc': 75.25, 'f1': 83.2, 'ndev': 4076, 'ntest': 1725}"
allmpnet,SUM-NS_LYR-10,"torch.Size([61, 768])",NORMAL,4,0,12,"{'devacc': np.float64(85.58), 'acc': np.float64(84.11), 'ndev': 10662, 'ntest': 10662}","{'devacc': np.float64(90.6), 'acc': np.float64(89.64), 'ndev': 3775, 'ntest': 3775}","{'devacc': np.float64(95.33), 'acc': np.float64(94.73), 'ndev': 10000, 'ntest': 10000}","{'devacc': np.float64(89.63), 'acc': np.float64(89.31), 'ndev': 10606, 'ntest': 10606}","{'devacc': np.float64(91.63), 'acc': 89.9, 'ndev': 872, 'ntest': 1821}","{'devacc': np.float64(86.17), 'acc': 91.4, 'ndev': 5452, 'ntest': 500}","{'devacc': np.float64(73.09), 'acc': 68.46, 'f1': 75.74, 'ndev': 4076, 'ntest': 1725}"
allmpnet,MAX-NS_LYR-10,"torch.Size([61, 768])",NORMAL,4,0,12,"{'devacc': np.float64(85.28), 'acc': np.float64(83.87), 'ndev': 10662, 'ntest': 10662}","{'devacc': np.float64(71.64), 'acc': np.float64(69.56), 'ndev': 3775, 'ntest': 3775}","{'devacc': np.float64(94.15), 'acc': np.float64(93.62), 'ndev': 10000, 'ntest': 10000}","{'devacc': np.float64(68.79), 'acc': np.float64(68.56), 'ndev': 10606, 'ntest': 10606}","{'devacc': np.float64(78.33), 'acc': 79.08, 'ndev': 872, 'ntest': 1821}","{'devacc': np.float64(83.88), 'acc': 90.2, 'ndev': 5452, 'ntest': 500}","{'devacc': np.float64(74.88), 'acc': 73.8, 'f1': 82.18, 'ndev': 4076, 'ntest': 1725}"
allmpnet,CLS_LYR-11,"torch.Size([61, 768])",NORMAL,4,0,12,"{'devacc': np.float64(79.78), 'acc': np.float64(79.22), 'ndev': 10662, 'ntest': 10662}","{'devacc': np.float64(79.25), 'acc': np.float64(77.96), 'ndev': 3775, 'ntest': 3775}","{'devacc': np.float64(88.37), 'acc': np.float64(87.59), 'ndev': 10000, 'ntest': 10000}","{'devacc': np.float64(82.57), 'acc': np.float64(82.36), 'ndev': 10606, 'ntest': 10606}","{'devacc': np.float64(83.26), 'acc': 84.07, 'ndev': 872, 'ntest': 1821}","{'devacc': np.float64(84.9), 'acc': 89.4, 'ndev': 5452, 'ntest': 500}","{'devacc': np.float64(70.85), 'acc': 69.04, 'f1': 80.62, 'ndev': 4076, 'ntest': 1725}"
allmpnet,AVG_LYR-11,"torch.Size([61, 768])",NORMAL,4,0,12,"{'devacc': np.float64(86.5), 'acc': np.float64(85.83), 'ndev': 10662, 'ntest': 10662}","{'devacc': np.float64(90.22), 'acc': np.float64(89.88), 'ndev': 3775, 'ntest': 3775}","{'devacc': np.float64(95.38), 'acc': np.float64(94.89), 'ndev': 10000, 'ntest': 10000}","{'devacc': np.float64(90.52), 'acc': np.float64(90.09), 'ndev': 10606, 'ntest': 10606}","{'devacc': np.float64(90.6), 'acc': 89.51, 'ndev': 872, 'ntest': 1821}","{'devacc': np.float64(91.03), 'acc': 96.6, 'ndev': 5452, 'ntest': 500}","{'devacc': np.float64(77.84), 'acc': 76.06, 'f1': 83.07, 'ndev': 4076, 'ntest': 1725}"
allmpnet,SUM_LYR-11,"torch.Size([61, 768])",NORMAL,4,0,12,"{'devacc': np.float64(85.33), 'acc': np.float64(84.35), 'ndev': 10662, 'ntest': 10662}","{'devacc': np.float64(90.4), 'acc': np.float64(90.14), 'ndev': 3775, 'ntest': 3775}","{'devacc': np.float64(95.13), 'acc': np.float64(94.58), 'ndev': 10000, 'ntest': 10000}","{'devacc': np.float64(90.08), 'acc': np.float64(89.69), 'ndev': 10606, 'ntest': 10606}","{'devacc': np.float64(90.37), 'acc': 89.95, 'ndev': 872, 'ntest': 1821}","{'devacc': np.float64(91.16), 'acc': 94.8, 'ndev': 5452, 'ntest': 500}","{'devacc': np.float64(73.06), 'acc': 69.68, 'f1': 76.43, 'ndev': 4076, 'ntest': 1725}"
allmpnet,MAX_LYR-11,"torch.Size([61, 768])",NORMAL,4,0,12,"{'devacc': np.float64(84.94), 'acc': np.float64(84.11), 'ndev': 10662, 'ntest': 10662}","{'devacc': np.float64(88.2), 'acc': np.float64(86.78), 'ndev': 3775, 'ntest': 3775}","{'devacc': np.float64(94.21), 'acc': np.float64(93.86), 'ndev': 10000, 'ntest': 10000}","{'devacc': np.float64(89.75), 'acc': np.float64(89.2), 'ndev': 10606, 'ntest': 10606}","{'devacc': np.float64(87.96), 'acc': 88.47, 'ndev': 872, 'ntest': 1821}","{'devacc': np.float64(89.82), 'acc': 95.8, 'ndev': 5452, 'ntest': 500}","{'devacc': np.float64(76.03), 'acc': 75.07, 'f1': 82.29, 'ndev': 4076, 'ntest': 1725}"
allmpnet,AVG-NS_LYR-11,"torch.Size([61, 768])",NORMAL,4,0,12,"{'devacc': np.float64(86.05), 'acc': np.float64(85.38), 'ndev': 10662, 'ntest': 10662}","{'devacc': np.float64(89.63), 'acc': np.float64(88.77), 'ndev': 3775, 'ntest': 3775}","{'devacc': np.float64(95.1), 'acc': np.float64(94.64), 'ndev': 10000, 'ntest': 10000}","{'devacc': np.float64(90.16), 'acc': np.float64(89.86), 'ndev': 10606, 'ntest': 10606}","{'devacc': np.float64(90.14), 'acc': 89.51, 'ndev': 872, 'ntest': 1821}","{'devacc': np.float64(86.32), 'acc': 92.2, 'ndev': 5452, 'ntest': 500}","{'devacc': np.float64(76.62), 'acc': 74.67, 'f1': 82.17, 'ndev': 4076, 'ntest': 1725}"
allmpnet,SUM-NS_LYR-11,"torch.Size([61, 768])",NORMAL,4,0,12,"{'devacc': np.float64(85.08), 'acc': np.float64(84.63), 'ndev': 10662, 'ntest': 10662}","{'devacc': np.float64(89.86), 'acc': np.float64(88.95), 'ndev': 3775, 'ntest': 3775}","{'devacc': np.float64(95.08), 'acc': np.float64(94.48), 'ndev': 10000, 'ntest': 10000}","{'devacc': np.float64(89.61), 'acc': np.float64(89.07), 'ndev': 10606, 'ntest': 10606}","{'devacc': np.float64(90.37), 'acc': 89.73, 'ndev': 872, 'ntest': 1821}","{'devacc': np.float64(86.32), 'acc': 91.0, 'ndev': 5452, 'ntest': 500}","{'devacc': np.float64(73.01), 'acc': 70.26, 'f1': 78.53, 'ndev': 4076, 'ntest': 1725}"
allmpnet,MAX-NS_LYR-11,"torch.Size([61, 768])",NORMAL,4,0,12,"{'devacc': np.float64(84.4), 'acc': np.float64(83.64), 'ndev': 10662, 'ntest': 10662}","{'devacc': np.float64(71.65), 'acc': np.float64(70.52), 'ndev': 3775, 'ntest': 3775}","{'devacc': np.float64(93.71), 'acc': np.float64(93.19), 'ndev': 10000, 'ntest': 10000}","{'devacc': np.float64(68.78), 'acc': np.float64(68.71), 'ndev': 10606, 'ntest': 10606}","{'devacc': np.float64(78.33), 'acc': 79.79, 'ndev': 872, 'ntest': 1821}","{'devacc': np.float64(83.29), 'acc': 89.0, 'ndev': 5452, 'ntest': 500}","{'devacc': np.float64(74.66), 'acc': 74.96, 'f1': 82.66, 'ndev': 4076, 'ntest': 1725}"
allmpnet,CLS_LYR-12,"torch.Size([61, 768])",NORMAL,4,0,12,"{'devacc': np.float64(84.44), 'acc': np.float64(83.86), 'ndev': 10662, 'ntest': 10662}","{'devacc': np.float64(88.11), 'acc': np.float64(87.1), 'ndev': 3775, 'ntest': 3775}","{'devacc': np.float64(93.77), 'acc': np.float64(93.35), 'ndev': 10000, 'ntest': 10000}","{'devacc': np.float64(89.59), 'acc': np.float64(89.18), 'ndev': 10606, 'ntest': 10606}","{'devacc': np.float64(88.65), 'acc': 88.03, 'ndev': 872, 'ntest': 1821}","{'devacc': np.float64(88.66), 'acc': 91.0, 'ndev': 5452, 'ntest': 500}","{'devacc': np.float64(75.56), 'acc': 74.32, 'f1': 82.47, 'ndev': 4076, 'ntest': 1725}"
allmpnet,AVG_LYR-12,"torch.Size([61, 768])",NORMAL,4,0,12,"{'devacc': np.float64(85.63), 'acc': np.float64(85.13), 'ndev': 10662, 'ntest': 10662}","{'devacc': np.float64(88.35), 'acc': np.float64(87.79), 'ndev': 3775, 'ntest': 3775}","{'devacc': np.float64(94.63), 'acc': np.float64(93.99), 'ndev': 10000, 'ntest': 10000}","{'devacc': np.float64(90.02), 'acc': np.float64(89.7), 'ndev': 10606, 'ntest': 10606}","{'devacc': np.float64(89.11), 'acc': 88.47, 'ndev': 872, 'ntest': 1821}","{'devacc': np.float64(89.67), 'acc': 94.4, 'ndev': 5452, 'ntest': 500}","{'devacc': np.float64(76.59), 'acc': 74.9, 'f1': 83.24, 'ndev': 4076, 'ntest': 1725}"
allmpnet,SUM_LYR-12,"torch.Size([61, 768])",NORMAL,4,0,12,"{'devacc': np.float64(84.55), 'acc': np.float64(83.91), 'ndev': 10662, 'ntest': 10662}","{'devacc': np.float64(88.47), 'acc': np.float64(87.05), 'ndev': 3775, 'ntest': 3775}","{'devacc': np.float64(94.52), 'acc': np.float64(93.85), 'ndev': 10000, 'ntest': 10000}","{'devacc': np.float64(89.86), 'acc': np.float64(89.54), 'ndev': 10606, 'ntest': 10606}","{'devacc': np.float64(89.22), 'acc': 88.03, 'ndev': 872, 'ntest': 1821}","{'devacc': np.float64(89.44), 'acc': 94.6, 'ndev': 5452, 'ntest': 500}","{'devacc': np.float64(70.95), 'acc': 69.57, 'f1': 76.7, 'ndev': 4076, 'ntest': 1725}"
allmpnet,MAX_LYR-12,"torch.Size([61, 768])",NORMAL,4,0,12,"{'devacc': np.float64(85.26), 'acc': np.float64(84.64), 'ndev': 10662, 'ntest': 10662}","{'devacc': np.float64(88.32), 'acc': np.float64(87.73), 'ndev': 3775, 'ntest': 3775}","{'devacc': np.float64(94.25), 'acc': np.float64(93.96), 'ndev': 10000, 'ntest': 10000}","{'devacc': np.float64(89.81), 'acc': np.float64(89.23), 'ndev': 10606, 'ntest': 10606}","{'devacc': np.float64(88.99), 'acc': 88.69, 'ndev': 872, 'ntest': 1821}","{'devacc': np.float64(89.03), 'acc': 93.8, 'ndev': 5452, 'ntest': 500}","{'devacc': np.float64(76.32), 'acc': 76.7, 'f1': 83.86, 'ndev': 4076, 'ntest': 1725}"
allmpnet,AVG-NS_LYR-12,"torch.Size([61, 768])",NORMAL,4,0,12,"{'devacc': np.float64(85.58), 'acc': np.float64(85.08), 'ndev': 10662, 'ntest': 10662}","{'devacc': np.float64(88.2), 'acc': np.float64(87.44), 'ndev': 3775, 'ntest': 3775}","{'devacc': np.float64(94.63), 'acc': np.float64(94.24), 'ndev': 10000, 'ntest': 10000}","{'devacc': np.float64(89.97), 'acc': np.float64(89.66), 'ndev': 10606, 'ntest': 10606}","{'devacc': np.float64(89.91), 'acc': 88.74, 'ndev': 872, 'ntest': 1821}","{'devacc': np.float64(87.25), 'acc': 92.0, 'ndev': 5452, 'ntest': 500}","{'devacc': np.float64(76.74), 'acc': 75.07, 'f1': 83.54, 'ndev': 4076, 'ntest': 1725}"
allmpnet,SUM-NS_LYR-12,"torch.Size([61, 768])",NORMAL,4,0,12,"{'devacc': np.float64(84.87), 'acc': np.float64(84.34), 'ndev': 10662, 'ntest': 10662}","{'devacc': np.float64(88.72), 'acc': np.float64(87.47), 'ndev': 3775, 'ntest': 3775}","{'devacc': np.float64(94.65), 'acc': np.float64(94.0), 'ndev': 10000, 'ntest': 10000}","{'devacc': np.float64(89.57), 'acc': np.float64(88.95), 'ndev': 10606, 'ntest': 10606}","{'devacc': np.float64(89.79), 'acc': 88.3, 'ndev': 872, 'ntest': 1821}","{'devacc': np.float64(87.03), 'acc': 91.8, 'ndev': 5452, 'ntest': 500}","{'devacc': np.float64(70.61), 'acc': 65.8, 'f1': 72.3, 'ndev': 4076, 'ntest': 1725}"
allmpnet,MAX-NS_LYR-12,"torch.Size([61, 768])",NORMAL,4,0,12,"{'devacc': np.float64(85.07), 'acc': np.float64(84.63), 'ndev': 10662, 'ntest': 10662}","{'devacc': np.float64(75.07), 'acc': np.float64(79.32), 'ndev': 3775, 'ntest': 3775}","{'devacc': np.float64(94.13), 'acc': np.float64(93.79), 'ndev': 10000, 'ntest': 10000}","{'devacc': np.float64(68.78), 'acc': np.float64(68.77), 'ndev': 10606, 'ntest': 10606}","{'devacc': np.float64(70.99), 'acc': 72.54, 'ndev': 872, 'ntest': 1821}","{'devacc': np.float64(86.57), 'acc': 91.8, 'ndev': 5452, 'ntest': 500}","{'devacc': np.float64(75.86), 'acc': 76.29, 'f1': 83.42, 'ndev': 4076, 'ntest': 1725}"
